Workbook
Name Category: Dataset!$H$2:$H$21
Name Cust_Name: Dataset!$C$2:$C$21
Name Dayname: Dataset!$U:$U
Name Delivery_Date: Dataset!$F$2:$F$21
Name Delivery_Status: Dataset!$W$2:$W$21
Name Email_ID: Dataset!$I$2:$I$21
Name Months: Dataset!$S:$S
Name Order_Date: Dataset!$E$2:$E$21
Name Order_ID: Dataset!$B$2:$B$21
Name Phone: Dataset!$J$2:$J$21
Name Product_Name: Dataset!$G$2:$G$21
Name Sales_data: Dataset!$K:$K
Name State: Dataset!$D$2:$D$21
Name Years: Dataset!$R:$R

Sheet Sheet
I2: Select Year | J2: 2024 | AB2: Year
B3: Month | C3: Total Sales | E3: Delivery Status | I3: Select Month | J3: Mar | AB3: =INT(TEXT(Dataset!E2,"yyyy")) -> 2023
B4: =TEXT(Dataset!E13,"mmm") -> Jan | C4: =SUMIF(Months,B4,Sales_data) -> 2600 | E4: On Time Delivery | F4: =COUNTIF(Delivery_Status,E4) -> 8 | G4: =F4/20 -> 0.4 | I4: Select Day | J4: Sun | AB4: =INT(TEXT(Dataset!E13,"yyyy")) -> 2024
B5: =TEXT(Dataset!E2,"mmm") -> Feb | C5: =SUMIF(Months,B5,Sales_data) -> 4700 | E5: Late Delivery | F5: =COUNTIF(Delivery_Status,E5) -> 12 | G5: =F5/20 -> 0.6 | I5: Total Sales | J5: =SUMIFS(Sales_data,Years,J2,Months,J3,Dayname,J4) -> 2000
B6: =TEXT(Dataset!E3,"mmm") -> Mar | C6: =SUMIF(Months,B6,Sales_data) -> 4500 | AB6: =TEXT(Dataset!E2,"mmm") -> Feb
B7: =TEXT(Dataset!E4,"mmm") -> Apr | C7: =SUMIF(Months,B7,Sales_data) -> 4900 | E7: Day Name | F7: Sales | G7: Count | AB7: =TEXT(Dataset!E3,"mmm") -> Mar
B8: =TEXT(Dataset!E5,"mmm") -> May | C8: =SUMIF(Months,B8,Sales_data) -> 4000 | E8: =TEXT(Dataset!E17,"ddd") -> Mon | F8: =SUMIF(Dayname,E8,Sales_data) -> 4300 | G8: =COUNTIF(Dayname,E8) -> 2 | AB8: =TEXT(Dataset!E4,"mmm") -> Apr
B9: =TEXT(Dataset!E6,"mmm") -> Jun | C9: =SUMIF(Months,B9,Sales_data) -> 2800 | E9: =TEXT(Dataset!E8,"ddd") -> Tue | F9: =SUMIF(Dayname,E9,Sales_data) -> 2800 | G9: =COUNTIF(Dayname,E9) -> 2 | AB9: =TEXT(Dataset!E5,"mmm") -> May
B10: =TEXT(Dataset!E7,"mmm") -> Jul | C10: =SUMIF(Months,B10,Sales_data) -> 4800 | E10: =TEXT(Dataset!E2,"ddd") -> Wed | F10: =SUMIF(Dayname,E10,Sales_data) -> 6000 | G10: =COUNTIF(Dayname,E10) -> 3 | AB10: =TEXT(Dataset!E6,"mmm") -> Jun
B11: =TEXT(Dataset!E8,"mmm") -> Aug | C11: =SUMIF(Months,B11,Sales_data) -> 4800 | E11: =TEXT(Dataset!E11,"ddd") -> Thu | F11: =SUMIF(Dayname,E11,Sales_data) -> 9000 | G11: =COUNTIF(Dayname,E11) -> 3 | AB11: =TEXT(Dataset!E7,"mmm") -> Jul
B12: =TEXT(Dataset!E9,"mmm") -> Sep | C12: =SUMIF(Months,B12,Sales_data) -> 4500 | E12: =TEXT(Dataset!E5,"ddd") -> Fri | F12: =SUMIF(Dayname,E12,Sales_data) -> 8500 | G12: =COUNTIF(Dayname,E12) -> 4 | AB12: =TEXT(Dataset!E8,"mmm") -> Aug
B13: =TEXT(Dataset!E10,"mmm") -> Oct | C13: =SUMIF(Months,B13,Sales_data) -> 3300 | E13: =TEXT(Dataset!E4,"ddd") -> Sat | F13: =SUMIF(Dayname,E13,Sales_data) -> 6600 | G13: =COUNTIF(Dayname,E13) -> 3 | AB13: =TEXT(Dataset!E9,"mmm") -> Sep
B14: =TEXT(Dataset!E11,"mmm") -> Nov | C14: =SUMIF(Months,B14,Sales_data) -> 1900 | E14: =TEXT(Dataset!E3,"ddd") -> Sun | F14: =SUMIF(Dayname,E14,Sales_data) -> 7200 | G14: =COUNTIF(Dayname,E14) -> 3 | AB14: =TEXT(Dataset!E10,"mmm") -> Oct
B15: =TEXT(Dataset!E12,"mmm") -> Dec | C15: =SUMIF(Months,B15,Sales_data) -> 1600 | AB15: =TEXT(Dataset!E11,"mmm") -> Nov
AB16: =TEXT(Dataset!E12,"mmm") -> Dec
AB17: =TEXT(Dataset!E13,"mmm") -> Jan
AB19: =TEXT(Dataset!E2,"ddd") -> Wed
AB20: =TEXT(Dataset!E3,"ddd") -> Sun
AB21: =TEXT(Dataset!E4,"ddd") -> Sat
AB22: =TEXT(Dataset!E5,"ddd") -> Fri
AB23: =TEXT(Dataset!E8,"ddd") -> Tue
AB24: =TEXT(Dataset!E11,"ddd") -> Thu
AB25: =TEXT(Dataset!E17,"ddd") -> Mon

Sheet Report_Refernce

Sheet Dataset
B1: Order_ID | C1: Cust_Name | D1: State | E1: Order_Date | F1: Delivery_Date | G1: Product_Name | H1: Category | I1: Email_ID | J1: Phone | K1: Sales | L1: New_cust_Name | M1: New_State | N1: New_Product_Name | O1: New_Category | P1: Gmail_New | Q1: Phn Numbers | R1: Year | S1: Month | T1: Day | U1: Day_Name | V1: Delivery Delay | W1: Delivery Status
B2: ORD001 | C2: ramesh kumar | D2: ap | E2: 44958 | F2: 44962 | G2: tshirt blue | H2: apparel | I2: ramesh@gmailcom | J2: 9876543210 | K2: 1200 | L2: =PROPER(C2) -> Ramesh Kumar | M2: {=_xlfn.SWITCH(State,"ap","Andhra Pradesh","andhra","Andhra Pradesh","Andhra Pradesh","Andhra Pradesh","TS","Telangana","telangana","Telangana")} -> Andhra Pradesh | N2: =PROPER(SUBSTITUTE(SUBSTITUTE(G2,"-"," "),"_"," ")) -> Tshirt Blue | O2: =PROPER(H2) -> Apparel | P2: =SUBSTITUTE(SUBSTITUTE(I2,"@gmailcom","@gamil.com"),".gmail","@gmail") -> ramesh@gamil.com | Q2: =SUBSTITUTE(J2,91,"") -> 9876543210 | R2: {=INT(TEXT(Order_Date,"yyyy"))} -> 2023 | S2: {=TEXT(Order_Date,"mmm")} -> Feb | T2: {=TEXT(Order_Date,"dd")} -> 01 | U2: {=TEXT(Order_Date,"ddd")} -> Wed | V2: =F2-E2 -> 4 | W2: =IF(V2>5,"Late Delivery","On Time Delivery") -> On Time Delivery
B3: ORD002 | C3: SITA devi | D3: Andhra | E3: 44990 | F3: 44995 | G3: Jeans-Black | H3: apparel | I3: sita@gmail.com | J3: 919876543211 | K3: 2500 | L3: =PROPER(C3) -> Sita Devi | M3: Andhra Pradesh | N3: =PROPER(SUBSTITUTE(SUBSTITUTE(G3,"-"," "),"_"," ")) -> Jeans Black | O3: =PROPER(H3) -> Apparel | P3: =SUBSTITUTE(SUBSTITUTE(I3,"@gmailcom","@gamil.com"),".gmail","@gmail") -> sita@gmail.com | Q3: =SUBSTITUTE(J3,91,"") -> 9876543211 | R3: 2023 | S3: Mar | T3: 05 | U3: Sun | V3: =F3-E3 -> 5 | W3: =IF(V3>5,"Late Delivery","On Time Delivery") -> On Time Delivery
B4: ORD003 | C4: Rahul | D4: AP | E4: 45031 | F4: 45036 | G4: sneakers white | H4: footwear | I4: rahul@gmail.com | J4: 987654321 | K4: 3200 | L4: =PROPER(C4) -> Rahul | M4: Andhra Pradesh | N4: =PROPER(SUBSTITUTE(SUBSTITUTE(G4,"-"," "),"_"," ")) -> Sneakers White | O4: =PROPER(H4) -> Footwear | P4: =SUBSTITUTE(SUBSTITUTE(I4,"@gmailcom","@gamil.com"),".gmail","@gmail") -> rahul@gmail.com | Q4: =SUBSTITUTE(J4,91,"") -> 987654321 | R4: 2023 | S4: Apr | T4: 15 | U4: Sat | V4: =F4-E4 -> 5 | W4: =IF(V4>5,"Late Delivery","On Time Delivery") -> On Time Delivery
B5: ORD004 | C5: anjali reddy | D5: Telangana | E5: 45058 | F5: 45064 | G5: kurti_red | H5: apparel | I5: anjali.gmail.com | J5: 9876543210 | K5: 1800 | L5: =PROPER(C5) -> Anjali Reddy | M5: Telangana | N5: =PROPER(SUBSTITUTE(SUBSTITUTE(G5,"-"," "),"_"," ")) -> Kurti Red | O5: =PROPER(H5) -> Apparel | P5: =SUBSTITUTE(SUBSTITUTE(I5,"@gmailcom","@gamil.com"),".gmail","@gmail") -> anjali@gmail.com | Q5: =SUBSTITUTE(J5,91,"") -> 9876543210 | R5: 2023 | S5: May | T5: 12 | U5: Fri | V5: =F5-E5 -> 6 | W5: =IF(V5>5,"Late Delivery","On Time Delivery") -> Late Delivery
B6: ORD005 | C6: KIRAN | D6: telangana | E6: 45084 | F6: 45089 | G6: Shirt Blue | H6: Apparel | I6: kiran@gmailcom | J6: 9876543210 | K6: 1500 | L6: =PROPER(C6) -> Kiran | M6: Telangana | N6: =PROPER(SUBSTITUTE(SUBSTITUTE(G6,"-"," "),"_"," ")) -> Shirt Blue | O6: =PROPER(H6) -> Apparel | P6: =SUBSTITUTE(SUBSTITUTE(I6,"@gmailcom","@gamil.com"),".gmail","@gmail") -> kiran@gamil.com | Q6: =SUBSTITUTE(J6,91,"") -> 9876543210 | R6: 2023 | S6: Jun | T6: 07 | U6: Wed | V6: =F6-E6 -> 5 | W6: =IF(V6>5,"Late Delivery","On Time Delivery") -> On Time Delivery
B7: ORD006 | C7: meena | D7: TS | E7: 45115 | F7: 45121 | G7: dress pink | H7: apparel | I7: meena@gmail.com | J7: 919876543210 | K7: 2100 | L7: =PROPER(C7) -> Meena | M7: Telangana | N7: =PROPER(SUBSTITUTE(SUBSTITUTE(G7,"-"," "),"_"," ")) -> Dress Pink | O7: =PROPER(H7) -> Apparel | P7: =SUBSTITUTE(SUBSTITUTE(I7,"@gmailcom","@gamil.com"),".gmail","@gmail") -> meena@gmail.com | Q7: =SUBSTITUTE(J7,91,"") -> 9876543210 | R7: 2023 | S7: Jul | T7: 08 | U7: Sat | V7: =F7-E7 -> 6 | W7: =IF(V7>5,"Late Delivery","On Time Delivery") -> Late Delivery
B8: ORD007 | C8: john doe | D8: ap | E8: 45146 | F8: 45153 | G8: tshirt blue | H8: Apparel | I8: john@gmailcom | J8: 9876543210 | K8: 1200 | L8: =PROPER(C8) -> John Doe | M8: Andhra Pradesh | N8: =PROPER(SUBSTITUTE(SUBSTITUTE(G8,"-"," "),"_"," ")) -> Tshirt Blue | O8: =PROPER(H8) -> Apparel | P8: =SUBSTITUTE(SUBSTITUTE(I8,"@gmailcom","@gamil.com"),".gmail","@gmail") -> john@gamil.com | Q8: =SUBSTITUTE(J8,91,"") -> 9876543210 | R8: 2023 | S8: Aug | T8: 08 | U8: Tue | V8: =F8-E8 -> 7 | W8: =IF(V8>5,"Late Delivery","On Time Delivery") -> Late Delivery
B9: ORD008 | C9: Pooja | D9: Andhra Pradesh | E9: 45170 | F9: 45176 | G9: jeans black | H9: apparel | I9: pooja@gmail.com | J9: 9876543211 | K9: 2400 | L9: =PROPER(C9) -> Pooja | M9: Andhra Pradesh | N9: =PROPER(SUBSTITUTE(SUBSTITUTE(G9,"-"," "),"_"," ")) -> Jeans Black | O9: =PROPER(H9) -> Apparel | P9: =SUBSTITUTE(SUBSTITUTE(I9,"@gmailcom","@gamil.com"),".gmail","@gmail") -> pooja@gmail.com | Q9: =SUBSTITUTE(J9,91,"") -> 9876543211 | R9: 2023 | S9: Sep | T9: 01 | U9: Fri | V9: =F9-E9 -> 6 | W9: =IF(V9>5,"Late Delivery","On Time Delivery") -> Late Delivery
B10: ORD009 | C10: vikram | D10: AP | E10: 45210 | F10: 45217 | G10: sneakers white | H10: footwear | I10: vikram@gmailcom | J10: 9876543212 | K10: 3300 | L10: =PROPER(C10) -> Vikram | M10: Andhra Pradesh | N10: =PROPER(SUBSTITUTE(SUBSTITUTE(G10,"-"," "),"_"," ")) -> Sneakers White | O10: =PROPER(H10) -> Footwear | P10: =SUBSTITUTE(SUBSTITUTE(I10,"@gmailcom","@gamil.com"),".gmail","@gmail") -> vikram@gamil.com | Q10: =SUBSTITUTE(J10,91,"") -> 9876543212 | R10: 2023 | S10: Oct | T10: 11 | U10: Wed | V10: =F10-E10 -> 7 | W10: =IF(V10>5,"Late Delivery","On Time Delivery") -> Late Delivery
B11: ORD010 | C11: kavya | D11: telangana | E11: 45232 | F11: 45238 | G11: kurti red | H11: apparel | I11: kavya@gmail.com | J11: 9876543213 | K11: 1900 | L11: =PROPER(C11) -> Kavya | M11: Telangana | N11: =PROPER(SUBSTITUTE(SUBSTITUTE(G11,"-"," "),"_"," ")) -> Kurti Red | O11: =PROPER(H11) -> Apparel | P11: =SUBSTITUTE(SUBSTITUTE(I11,"@gmailcom","@gamil.com"),".gmail","@gmail") -> kavya@gmail.com | Q11: =SUBSTITUTE(J11,91,"") -> 9876543213 | R11: 2023 | S11: Nov | T11: 02 | U11: Thu | V11: =F11-E11 -> 6 | W11: =IF(V11>5,"Late Delivery","On Time Delivery") -> Late Delivery
B12: ORD011 | C12: RAMESH | D12: ap | E12: 45272 | F12: 45278 | G12: shirt blue | H12: apparel | I12: ramesh@gmail.com | J12: 9876543214 | K12: 1600 | L12: =PROPER(C12) -> Ramesh | M12: Andhra Pradesh | N12: =PROPER(SUBSTITUTE(SUBSTITUTE(G12,"-"," "),"_"," ")) -> Shirt Blue | O12: =PROPER(H12) -> Apparel | P12: =SUBSTITUTE(SUBSTITUTE(I12,"@gmailcom","@gamil.com"),".gmail","@gmail") -> ramesh@gmail.com | Q12: =SUBSTITUTE(J12,91,"") -> 9876543214 | R12: 2023 | S12: Dec | T12: 12 | U12: Tue | V12: =F12-E12 -> 6 | W12: =IF(V12>5,"Late Delivery","On Time Delivery") -> Late Delivery
B13: ORD012 | C13: sita devi | D13: AP | E13: 45296 | F13: 45301 | G13: jeans-black | H13: apparel | I13: sita@gmailcom | J13: 9876543215 | K13: 2600 | L13: =PROPER(C13) -> Sita Devi | M13: Andhra Pradesh | N13: =PROPER(SUBSTITUTE(SUBSTITUTE(G13,"-"," "),"_"," ")) -> Jeans Black | O13: =PROPER(H13) -> Apparel | P13: =SUBSTITUTE(SUBSTITUTE(I13,"@gmailcom","@gamil.com"),".gmail","@gmail") -> sita@gamil.com | Q13: =SUBSTITUTE(J13,91,"") -> 9876543215 | R13: 2024 | S13: Jan | T13: 05 | U13: Fri | V13: =F13-E13 -> 5 | W13: =IF(V13>5,"Late Delivery","On Time Delivery") -> On Time Delivery
B14: ORD013 | C14: Rahul kumar | D14: andhra | E14: 45337 | F14: 45342 | G14: sneakers_white | H14: footwear | I14: rahul@gmail.com | J14: 9876543216 | K14: 3500 | L14: =PROPER(C14) -> Rahul Kumar | M14: Andhra Pradesh | N14: =PROPER(SUBSTITUTE(SUBSTITUTE(G14,"-"," "),"_"," ")) -> Sneakers White | O14: =PROPER(H14) -> Footwear | P14: =SUBSTITUTE(SUBSTITUTE(I14,"@gmailcom","@gamil.com"),".gmail","@gmail") -> rahul@gmail.com | Q14: =SUBSTITUTE(J14,91,"") -> 9876543216 | R14: 2024 | S14: Feb | T14: 15 | U14: Thu | V14: =F14-E14 -> 5 | W14: =IF(V14>5,"Late Delivery","On Time Delivery") -> On Time Delivery
... B21: ORD020 | C21: Kavya | D21: telangana | E21: 45544 | F21: 45550 | G21: kurti red | H21: apparel | I21: kavya@gmailcom | J21: 919876543223 | K21: 2100 | L21: =PROPER(C21) -> Kavya | M21: Telangana | N21: =PROPER(SUBSTITUTE(SUBSTITUTE(G21,"-"," "),"_"," ")) -> Kurti Red | O21: =PROPER(H21) -> Apparel | P21: =SUBSTITUTE(SUBSTITUTE(I21,"@gmailcom","@gamil.com"),".gmail","@gmail") -> kavya@gamil.com | Q21: =SUBSTITUTE(J21,91,"") -> 9876543223 | R21: 2024 | S21: Sep | T21: 09 | U21: Mon | V21: =F21-E21 -> 6 | W21: =IF(V21>5,"Late Delivery","On Time Delivery") -> Late Delivery
P22: =SUBSTITUTE(SUBSTITUTE(I22,"@gmailcom","@gamil.com"),".gmail","@gmail") | Q22: =SUBSTITUTE(J22,91,"")
